transaction_id,customer_id,amount,currency,transaction_date,country,channel,merchant_category,status
1,1051,295.49,USD,2024-02-19,Canada,Online,Restaurant,Refunded
2,1092,373.99,MXN,2024-01-21,Mexico,In-Store,Pharmacy,Declined
3,1014,218.67,USD,2024-01-22,USA,In-Store,Fashion,Completed
4,1071,68.15,CAD,2024-01-21,Mexico,In-Store,Fashion,Completed
5,1060,145.47,MXN,2024-02-13,Mexico,In-Store,Pharmacy,Pending
6,1020,184.73,USD,2024-02-19,Spain,In-Store,Pharmacy,Declined
7,1082,324.73,EUR,2024-01-30,Spain,Online,Electronics,Completed
8,1086,287.54,CAD,2024-02-08,Spain,In-Store,Fashion,Declined
9,1074,181.27,CAD,2024-01-20,USA,Online,Pharmacy,Completed
10,1074,493.33,CAD,2024-01-24,USA,In-Store,Travel,Refunded
11,1087,304.86,EUR,2024-01-23,Mexico,Mobile,Travel,Completed
12,1099,122.43,EUR,2024-01-07,Spain,In-Store,Fashion,Pending
13,1023,55.38,GBP,2024-01-09,USA,Mobile,Pharmacy,Refunded
14,1002,80.67,USD,2024-01-01,Canada,In-Store,Electronics,Pending
15,1021,126.75,GBP,2024-01-26,Mexico,In-Store,Electronics,Refunded
16,1052,84.54,USD,2024-02-07,UK,In-Store,Electronics,Declined
17,1001,97.35,EUR,2024-02-07,Mexico,Mobile,Grocery,Pending
18,1087,146.12,EUR,2024-02-23,UK,Mobile,Fashion,Completed
19,1029,90.82,GBP,2024-02-13,Spain,In-Store,Electronics,Declined
20,1037,448.9,MXN,2024-01-22,UK,Online,Travel,Completed
21,1001,44.72,GBP,2024-02-13,Spain,In-Store,Pharmacy,Refunded
22,1063,264.63,USD,2024-01-10,Canada,Mobile,Restaurant,Refunded
23,1059,208.15,GBP,2024-02-24,UK,In-Store,Restaurant,Completed
24,1020,491.28,CAD,2024-02-27,Mexico,Mobile,Electronics,Completed
25,1032,60.46,USD,2024-01-06,Spain,Mobile,Restaurant,Declined
26,1075,201.94,USD,2024-01-17,Mexico,Mobile,Restaurant,Completed
27,1057,484.89,MXN,2024-02-20,USA,In-Store,Grocery,Pending
28,1021,433.43,EUR,2024-02-19,Spain,Mobile,Travel,Pending
29,1088,409.45,USD,2024-02-07,UK,Mobile,Travel,Completed
30,1048,132.66,EUR,2024-01-24,Spain,In-Store,Grocery,Pending
31,1090,89.59,GBP,2024-02-20,Mexico,Mobile,Grocery,Completed
32,1058,335.98,CAD,2024-01-10,Canada,In-Store,Restaurant,Declined
33,1041,465.04,MXN,2024-02-25,Spain,Mobile,Fashion,Pending
34,1091,280.6,EUR,2024-01-08,UK,Online,Pharmacy,Pending
35,1059,287.95,USD,2024-01-21,USA,Online,Pharmacy,Completed
36,1079,143.59,EUR,2024-02-25,Canada,Mobile,Restaurant,Pending
37,1014,385.9,USD,2024-01-06,USA,Online,Pharmacy,Refunded
38,1061,97.59,EUR,2024-01-21,Spain,In-Store,Grocery,Declined
39,1061,165.22,USD,2024-02-26,Mexico,Online,Travel,Declined
40,1046,215.59,GBP,2024-02-08,Mexico,Mobile,Pharmacy,Pending
41,1061,256.27,USD,2024-01-24,UK,Mobile,Restaurant,Pending
42,1050,124.99,USD,2024-02-02,Mexico,In-Store,Fashion,Refunded
43,1054,61.84,CAD,2024-02-28,Canada,Mobile,Restaurant,Refunded
44,1063,307.26,USD,2024-01-18,Mexico,In-Store,Electronics,Pending
45,1002,147.87,CAD,2024-02-25,UK,Online,Restaurant,Pending
46,1050,292.71,MXN,2024-01-28,Spain,Online,Grocery,Refunded
47,1006,81.41,CAD,2024-02-26,Spain,In-Store,Travel,Completed
48,1020,243.16,GBP,2024-02-21,Mexico,In-Store,Travel,Refunded
49,1072,268.63,CAD,2024-02-01,USA,Mobile,Pharmacy,Completed
50,1038,30.65,MXN,2024-01-12,Spain,Online,Grocery,Declined
51,1017,171.62,GBP,2024-02-17,Mexico,In-Store,Electronics,Declined
52,1003,71.54,EUR,2024-02-11,UK,Online,Grocery,Refunded
53,1088,36.37,EUR,2024-01-27,Mexico,In-Store,Restaurant,Completed
54,1059,495.03,CAD,2024-01-10,Spain,Online,Grocery,Refunded
55,1013,164.57,CAD,2024-02-15,UK,Mobile,Grocery,Refunded
56,1008,405.89,MXN,2024-02-26,Mexico,Online,Electronics,Completed
57,1089,131.05,MXN,2024-02-21,Canada,Online,Restaurant,Refunded
58,1052,342.34,USD,2024-02-11,UK,Online,Fashion,Declined
59,1001,381.31,MXN,2024-02-01,Canada,Online,Fashion,Pending
60,1083,299.84,USD,2024-02-11,USA,Online,Travel,Pending
61,1091,238.43,GBP,2024-01-26,UK,Mobile,Pharmacy,Refunded
62,1059,208.86,CAD,2024-01-25,Canada,In-Store,Grocery,Completed
63,1070,177.69,GBP,2024-01-11,Spain,Online,Travel,Completed
64,1043,465.12,MXN,2024-01-23,Spain,Mobile,Electronics,Declined
65,1007,416.16,GBP,2024-02-03,USA,Online,Fashion,Completed
66,1046,482.69,GBP,2024-02-26,UK,Online,Grocery,Completed
67,1034,66.53,GBP,2024-02-21,UK,In-Store,Electronics,Declined
68,1077,366.78,MXN,2024-02-09,UK,Online,Pharmacy,Refunded
69,1080,469.48,GBP,2024-01-23,USA,Mobile,Electronics,Pending
70,1035,94.71,USD,2024-01-29,UK,Mobile,Grocery,Declined
71,1049,37.92,MXN,2024-01-31,Spain,In-Store,Pharmacy,Refunded
72,1003,371.85,GBP,2024-01-07,Canada,Online,Electronics,Declined
73,1001,289.36,MXN,2024-02-09,Spain,Mobile,Pharmacy,Refunded
74,1005,421.71,EUR,2024-02-02,Spain,Online,Grocery,Declined
75,1053,74.19,USD,2024-01-21,Canada,Online,Grocery,Refunded
76,1003,398.66,GBP,2024-01-02,Spain,Online,Pharmacy,Declined
77,1053,104.81,EUR,2024-01-18,USA,In-Store,Restaurant,Refunded
78,1092,86.01,EUR,2024-02-16,Canada,Online,Travel,Declined
79,1062,86.31,MXN,2024-02-02,Spain,Mobile,Electronics,Pending
80,1017,408.21,EUR,2024-02-06,Mexico,Online,Electronics,Pending
81,1089,334.27,USD,2024-02-03,Spain,Mobile,Restaurant,Completed
82,1043,263.92,USD,2024-01-20,USA,Online,Restaurant,Refunded
83,1033,182.62,CAD,2024-02-04,UK,Mobile,Restaurant,Declined
84,1073,439.21,USD,2024-02-20,Spain,Mobile,Fashion,Refunded
85,1061,199.26,EUR,2024-02-19,UK,Online,Fashion,Pending
86,1099,409.22,USD,2024-02-23,Mexico,Online,Pharmacy,Refunded
87,1013,222.37,MXN,2024-01-18,Spain,Mobile,Fashion,Declined
88,1094,191.59,CAD,2024-02-15,Canada,In-Store,Grocery,Refunded
89,1047,234.03,EUR,2024-01-24,UK,Online,Pharmacy,Declined
90,1014,154.18,CAD,2024-01-08,Mexico,In-Store,Electronics,Pending
91,1071,375.07,EUR,2024-01-30,Canada,Online,Travel,Pending
92,1077,253.85,MXN,2024-02-13,Canada,Online,Grocery,Pending
93,1086,119.95,CAD,2024-02-22,Canada,Online,Electronics,Completed
94,1061,450.29,GBP,2024-01-10,Canada,Online,Electronics,Pending
95,1039,195.03,EUR,2024-01-23,Spain,In-Store,Pharmacy,Refunded
96,1084,274.06,GBP,2024-02-21,Spain,Online,Restaurant,Completed
97,1079,453.7,CAD,2024-02-18,Spain,Mobile,Restaurant,Pending
98,1081,314.0,GBP,2024-01-11,Mexico,Mobile,Grocery,Refunded
99,1052,62.86,GBP,2024-01-02,Mexico,In-Store,Restaurant,Refunded
100,1023,470.22,CAD,2024-02-27,Mexico,Online,Electronics,Refunded
101,1025,315.72,MXN,2024-01-26,USA,Mobile,Restaurant,Declined
102,1088,170.78,GBP,2024-02-05,Mexico,In-Store,Fashion,Completed
103,1059,73.94,GBP,2024-02-02,Spain,Online,Restaurant,Refunded
104,1040,398.04,MXN,2024-02-16,Spain,Mobile,Electronics,Declined
105,1028,311.94,GBP,2024-01-13,USA,Mobile,Pharmacy,Pending
106,1014,269.06,GBP,2024-02-09,USA,In-Store,Grocery,Refunded
107,1044,447.48,GBP,2024-01-25,Mexico,Online,Travel,Declined
108,1064,395.36,USD,2024-01-04,UK,Online,Restaurant,Refunded
109,1088,80.08,MXN,2024-02-11,USA,Mobile,Electronics,Completed
110,1070,159.3,GBP,2024-01-19,Canada,Mobile,Travel,Completed
111,1008,128.0,MXN,2024-01-18,Spain,Mobile,Travel,Pending
112,1087,373.25,EUR,2024-02-06,Canada,Online,Fashion,Refunded
113,1000,21.6,EUR,2024-01-30,Spain,In-Store,Travel,Declined
114,1007,287.1,GBP,2024-01-19,Spain,In-Store,Pharmacy,Pending
115,1087,382.42,MXN,2024-02-27,USA,Online,Electronics,Refunded
116,1062,439.0,MXN,2024-01-23,USA,In-Store,Electronics,Pending
117,1010,174.33,MXN,2024-02-28,Canada,Mobile,Restaurant,Declined
118,1080,411.52,USD,2024-02-23,Spain,In-Store,Restaurant,Pending
119,1007,59.76,EUR,2024-01-16,Canada,In-Store,Restaurant,Pending
120,1034,423.99,MXN,2024-01-01,UK,In-Store,Pharmacy,Pending
121,1034,68.11,MXN,2024-01-12,Canada,Mobile,Travel,Refunded
122,1032,201.66,USD,2024-01-24,Mexico,Online,Travel,Declined
123,1004,399.66,USD,2024-02-03,Canada,Mobile,Fashion,Completed
124,1040,79.21,MXN,2024-02-22,Mexico,Online,Pharmacy,Refunded
125,1027,118.48,CAD,2024-02-26,Mexico,Online,Restaurant,Completed
126,1006,362.52,MXN,2024-01-08,Mexico,Online,Grocery,Completed
127,1072,361.42,MXN,2024-01-18,UK,In-Store,Fashion,Refunded
128,1071,322.37,USD,2024-02-26,Canada,In-Store,Grocery,Refunded
129,1011,348.5,USD,2024-02-17,Canada,Online,Travel,Declined
130,1033,273.65,MXN,2024-01-05,UK,Online,Fashion,Declined
131,1032,129.64,MXN,2024-01-26,Spain,In-Store,Fashion,Pending
132,1047,176.12,MXN,2024-01-30,USA,Mobile,Electronics,Completed
133,1022,94.89,USD,2024-02-23,Canada,Online,Travel,Declined
134,1061,454.68,MXN,2024-01-13,USA,Mobile,Travel,Pending
135,1087,293.78,MXN,2024-01-19,UK,In-Store,Pharmacy,Declined
136,1036,203.42,GBP,2024-01-29,Spain,Online,Fashion,Refunded
137,1098,233.69,CAD,2024-01-03,Spain,Mobile,Travel,Declined
138,1043,473.91,EUR,2024-01-26,Spain,Mobile,Fashion,Completed
139,1085,80.91,CAD,2024-02-09,UK,Mobile,Pharmacy,Declined
140,1090,295.18,GBP,2024-02-28,Mexico,In-Store,Pharmacy,Completed
141,1034,255.41,EUR,2024-02-27,Mexico,In-Store,Electronics,Refunded
142,1064,307.67,MXN,2024-02-27,USA,Mobile,Fashion,Completed
143,1098,13.96,GBP,2024-01-12,Mexico,Mobile,Travel,Declined
144,1046,436.7,MXN,2024-01-02,Mexico,In-Store,Travel,Pending
145,1077,466.4,USD,2024-01-11,Spain,Mobile,Fashion,Refunded
146,1002,284.74,GBP,2024-02-13,Spain,Mobile,Fashion,Declined
147,1000,349.84,USD,2024-01-28,USA,In-Store,Fashion,Refunded
148,1004,461.64,GBP,2024-01-18,Canada,Mobile,Restaurant,Refunded
149,1089,355.08,GBP,2024-01-13,USA,Mobile,Travel,Declined
150,1013,80.51,USD,2024-02-06,USA,Mobile,Pharmacy,Declined
151,1026,290.26,EUR,2024-01-22,UK,In-Store,Travel,Pending
152,1008,305.32,CAD,2024-01-12,UK,Mobile,Restaurant,Refunded
153,1078,214.94,MXN,2024-01-02,USA,In-Store,Fashion,Refunded
154,1014,369.54,GBP,2024-02-06,USA,In-Store,Electronics,Declined
155,1089,467.51,MXN,2024-01-07,USA,Online,Fashion,Completed
156,1041,463.16,USD,2024-01-26,Mexico,Online,Fashion,Declined
157,1076,228.17,MXN,2024-01-26,UK,Mobile,Restaurant,Refunded
158,1050,61.05,USD,2024-01-24,USA,In-Store,Travel,Declined
159,1062,492.5,MXN,2024-01-12,Spain,Online,Fashion,Pending
160,1095,420.25,CAD,2024-01-16,Spain,Mobile,Travel,Completed
161,1051,66.71,CAD,2024-01-23,Mexico,Online,Grocery,Declined
162,1095,460.82,CAD,2024-02-09,Mexico,Online,Pharmacy,Pending
163,1003,435.6,CAD,2024-02-29,Canada,In-Store,Travel,Refunded
164,1093,261.82,CAD,2024-01-09,Canada,In-Store,Electronics,Declined
165,1022,297.68,CAD,2024-02-01,Canada,Online,Pharmacy,Refunded
166,1014,202.51,USD,2024-01-15,Mexico,Online,Electronics,Pending
167,1042,32.11,GBP,2024-02-06,Mexico,In-Store,Fashion,Refunded
168,1028,170.92,MXN,2024-01-13,Mexico,Mobile,Pharmacy,Pending
169,1035,402.41,CAD,2024-01-05,Spain,In-Store,Travel,Pending
170,1012,7.29,USD,2024-01-11,Mexico,Online,Pharmacy,Pending
171,1031,170.08,USD,2024-01-10,Spain,Mobile,Fashion,Declined
172,1070,202.09,USD,2024-02-21,Canada,Online,Restaurant,Refunded
173,1058,271.01,GBP,2024-01-13,Canada,Mobile,Electronics,Refunded
174,1085,460.33,MXN,2024-02-10,Canada,Online,Fashion,Completed
175,1027,176.44,GBP,2024-02-22,USA,Mobile,Restaurant,Completed
176,1065,176.74,EUR,2024-02-15,USA,Mobile,Pharmacy,Completed
177,1041,370.06,USD,2024-02-19,UK,Online,Pharmacy,Completed
178,1044,228.85,EUR,2024-01-15,UK,Mobile,Fashion,Refunded
179,1061,116.18,CAD,2024-02-11,UK,In-Store,Travel,Pending
180,1056,228.96,CAD,2024-02-25,USA,Online,Pharmacy,Pending
181,1005,74.72,GBP,2024-01-07,USA,In-Store,Travel,Declined
182,1027,92.31,MXN,2024-02-09,UK,Online,Travel,Pending
183,1027,251.69,EUR,2024-01-28,UK,Mobile,Travel,Refunded
184,1043,212.37,MXN,2024-02-01,Mexico,Mobile,Grocery,Refunded
185,1083,457.85,GBP,2024-02-04,UK,Mobile,Restaurant,Refunded
186,1029,184.38,CAD,2024-01-15,Mexico,Online,Restaurant,Declined
187,1061,292.39,MXN,2024-02-17,Spain,In-Store,Pharmacy,Completed
188,1074,317.97,MXN,2024-02-05,USA,In-Store,Pharmacy,Pending
189,1091,11.48,CAD,2024-01-21,UK,Online,Travel,Refunded
190,1088,333.45,EUR,2024-01-06,USA,Online,Grocery,Refunded
191,1061,93.13,CAD,2024-01-01,USA,In-Store,Travel,Completed
192,1096,480.73,MXN,2024-01-04,USA,In-Store,Grocery,Refunded
193,1000,78.59,EUR,2024-01-11,Spain,In-Store,Travel,Pending
194,1026,210.24,EUR,2024-02-13,Canada,In-Store,Electronics,Declined
195,1061,47.25,CAD,2024-01-26,UK,Online,Electronics,Refunded
196,1076,498.45,MXN,2024-02-06,Canada,Online,Fashion,Pending
197,1002,253.59,GBP,2024-01-23,Canada,Mobile,Travel,Refunded
198,1069,299.72,MXN,2024-01-29,Canada,In-Store,Pharmacy,Completed
199,1071,38.2,USD,2024-01-21,USA,Mobile,Restaurant,Refunded
200,1026,376.23,GBP,2024-02-17,Mexico,Online,Fashion,Refunded
201,1008,108.9,EUR,2024-02-14,USA,Online,Pharmacy,Declined
202,1061,449.54,GBP,2024-02-14,USA,Mobile,Electronics,Completed
203,1036,106.54,EUR,2024-02-18,Canada,In-Store,Travel,Completed
204,1096,99.39,EUR,2024-01-27,USA,In-Store,Fashion,Declined
205,1050,23.09,GBP,2024-02-08,Canada,In-Store,Travel,Refunded
206,1043,238.67,EUR,2024-02-09,Mexico,In-Store,Electronics,Pending
207,1023,284.6,EUR,2024-01-13,UK,Mobile,Fashion,Completed
208,1078,37.53,USD,2024-01-23,Canada,Mobile,Electronics,Completed
209,1058,388.89,MXN,2024-02-28,Mexico,Online,Grocery,Refunded
210,1031,229.38,MXN,2024-01-16,UK,In-Store,Electronics,Refunded
211,1095,264.57,USD,2024-01-30,Spain,In-Store,Travel,Completed
212,1087,223.18,GBP,2024-01-04,Canada,In-Store,Restaurant,Refunded
213,1051,203.38,CAD,2024-02-09,Canada,Mobile,Electronics,Pending
214,1061,282.02,CAD,2024-01-16,Spain,In-Store,Pharmacy,Completed
215,1057,81.84,CAD,2024-01-31,Spain,Mobile,Restaurant,Pending
216,1051,95.05,USD,2024-02-22,Canada,In-Store,Grocery,Pending
217,1011,431.58,USD,2024-02-11,Spain,In-Store,Fashion,Refunded
218,1038,473.33,EUR,2024-01-25,USA,Online,Fashion,Pending
219,1001,189.79,CAD,2024-02-13,UK,In-Store,Restaurant,Refunded
220,1002,139.02,GBP,2024-01-12,UK,In-Store,Fashion,Declined
221,1055,323.78,GBP,2024-01-26,UK,Online,Electronics,Refunded
222,1080,207.32,CAD,2024-02-06,USA,Mobile,Restaurant,Pending
223,1058,17.57,CAD,2024-02-17,Spain,Mobile,Travel,Declined
224,1001,82.3,CAD,2024-02-02,Mexico,In-Store,Electronics,Refunded
225,1001,359.41,USD,2024-01-28,Spain,Mobile,Electronics,Pending
226,1091,331.17,USD,2024-01-09,Canada,In-Store,Electronics,Completed
227,1053,18.41,USD,2024-01-12,UK,Online,Travel,Completed
228,1086,114.88,MXN,2024-01-05,Spain,Online,Grocery,Refunded
229,1095,119.38,GBP,2024-02-23,Mexico,In-Store,Pharmacy,Refunded
230,1096,337.59,GBP,2024-02-21,Canada,Online,Fashion,Completed
231,1000,14.76,EUR,2024-02-23,USA,Online,Restaurant,Pending
232,1018,56.53,USD,2024-01-28,USA,In-Store,Grocery,Pending
233,1001,400.96,MXN,2024-02-25,Mexico,In-Store,Restaurant,Pending
234,1052,93.38,MXN,2024-02-04,Canada,Online,Fashion,Refunded
235,1043,328.11,GBP,2024-01-05,UK,Mobile,Travel,Declined
236,1089,122.9,USD,2024-02-03,Spain,Mobile,Electronics,Declined
237,1031,54.22,EUR,2024-02-15,Canada,In-Store,Electronics,Declined
238,1069,125.37,USD,2024-02-03,USA,In-Store,Travel,Declined
239,1031,362.52,CAD,2024-01-13,Mexico,Mobile,Grocery,Declined
240,1067,428.57,USD,2024-02-08,Mexico,Online,Grocery,Refunded
241,1054,415.96,CAD,2024-02-11,Spain,Mobile,Restaurant,Refunded
242,1074,201.61,CAD,2024-02-14,Mexico,Mobile,Travel,Declined
243,1055,335.7,EUR,2024-02-17,Mexico,Mobile,Grocery,Refunded
244,1016,106.47,GBP,2024-02-27,Canada,Mobile,Travel,Refunded
245,1037,150.11,USD,2024-01-14,UK,In-Store,Fashion,Declined
246,1023,448.69,CAD,2024-01-11,Spain,In-Store,Electronics,Pending
247,1068,11.44,USD,2024-02-11,Canada,Online,Electronics,Refunded
248,1097,47.33,GBP,2024-02-07,UK,Online,Electronics,Pending
249,1069,107.9,GBP,2024-01-04,Canada,Online,Travel,Refunded
250,1085,18.13,MXN,2024-02-22,Canada,Online,Travel,Refunded
251,1010,94.81,GBP,2024-02-02,Mexico,Mobile,Restaurant,Declined
252,1015,293.61,EUR,2024-01-07,UK,In-Store,Electronics,Refunded
253,1096,213.61,CAD,2024-02-25,Spain,In-Store,Restaurant,Completed
254,1072,446.87,MXN,2024-02-10,Spain,Online,Electronics,Completed
255,1058,409.63,EUR,2024-01-08,UK,Online,Restaurant,Declined
256,1069,174.2,USD,2024-02-06,Mexico,Mobile,Restaurant,Pending
257,1079,133.41,CAD,2024-02-20,USA,Mobile,Fashion,Pending
258,1092,192.95,GBP,2024-01-10,Canada,Online,Restaurant,Pending
259,1002,297.2,CAD,2024-02-12,Mexico,In-Store,Travel,Completed
260,1019,137.69,USD,2024-02-26,UK,In-Store,Restaurant,Pending
261,1058,313.95,MXN,2024-01-15,Canada,In-Store,Electronics,Pending
262,1035,207.66,MXN,2024-02-07,Spain,Online,Restaurant,Declined
263,1018,278.26,MXN,2024-01-15,USA,In-Store,Grocery,Pending
264,1089,220.88,GBP,2024-01-05,Spain,Mobile,Pharmacy,Completed
265,1066,150.76,EUR,2024-01-29,UK,Mobile,Electronics,Completed
266,1018,474.48,EUR,2024-01-19,Canada,Online,Grocery,Completed
267,1019,382.98,CAD,2024-02-23,UK,Mobile,Electronics,Declined
268,1095,74.36,GBP,2024-02-20,Canada,Online,Travel,Declined
269,1070,434.89,MXN,2024-01-10,Mexico,In-Store,Pharmacy,Refunded
270,1051,246.28,MXN,2024-01-12,USA,In-Store,Pharmacy,Pending
271,1032,447.8,USD,2024-02-23,Mexico,In-Store,Travel,Declined
272,1039,400.93,USD,2024-01-04,Mexico,Mobile,Pharmacy,Completed
273,1038,215.48,MXN,2024-01-31,UK,Online,Travel,Completed
274,1081,16.12,MXN,2024-01-18,USA,In-Store,Grocery,Declined
275,1000,138.0,GBP,2024-01-16,Canada,Online,Fashion,Declined
276,1010,273.11,EUR,2024-02-09,Canada,In-Store,Electronics,Declined
277,1091,318.57,USD,2024-02-05,Spain,Mobile,Travel,Refunded
278,1056,132.65,EUR,2024-01-25,Canada,Mobile,Electronics,Completed
279,1088,73.98,GBP,2024-01-23,UK,Online,Grocery,Refunded
280,1049,418.29,MXN,2024-01-12,Mexico,Mobile,Fashion,Refunded
281,1022,492.28,EUR,2024-02-03,Mexico,Mobile,Grocery,Pending
282,1030,265.22,MXN,2024-02-05,Mexico,Online,Pharmacy,Completed
283,1093,89.98,MXN,2024-02-06,USA,In-Store,Electronics,Completed
284,1041,139.79,CAD,2024-01-03,Canada,Mobile,Fashion,Declined
285,1098,14.1,EUR,2024-01-09,UK,Online,Pharmacy,Declined
286,1006,457.58,EUR,2024-02-22,USA,Mobile,Fashion,Pending
287,1015,63.29,MXN,2024-01-18,Spain,Mobile,Pharmacy,Refunded
288,1089,290.38,GBP,2024-02-12,UK,Mobile,Grocery,Declined
289,1059,140.66,CAD,2024-02-04,UK,Mobile,Travel,Declined
290,1001,279.32,MXN,2024-02-26,UK,Online,Electronics,Completed
291,1000,327.45,USD,2024-02-24,Mexico,Online,Restaurant,Completed
292,1047,415.72,USD,2024-02-03,UK,Online,Restaurant,Declined
293,1011,107.18,CAD,2024-02-10,Canada,Mobile,Grocery,Completed
294,1068,10.44,GBP,2024-01-14,UK,Mobile,Electronics,Pending
295,1036,72.76,MXN,2024-01-04,Mexico,Mobile,Electronics,Declined
296,1031,450.51,EUR,2024-01-29,UK,Online,Grocery,Completed
297,1008,437.58,CAD,2024-02-10,Spain,Mobile,Electronics,Pending
298,1098,300.72,GBP,2024-02-14,Spain,In-Store,Travel,Completed
299,1018,302.26,EUR,2024-02-19,Mexico,Mobile,Grocery,Completed
300,1047,334.19,USD,2024-01-15,Canada,In-Store,Travel,Completed
301,1079,91.81,USD,2024-01-28,Canada,Mobile,Electronics,Declined
302,1002,457.63,EUR,2024-02-11,USA,Online,Grocery,Refunded
303,1019,212.29,CAD,2024-01-16,Mexico,Mobile,Electronics,Completed
304,1023,194.65,USD,2024-01-12,UK,In-Store,Grocery,Pending
305,1053,261.86,MXN,2024-02-21,Mexico,In-Store,Electronics,Declined
306,1032,28.25,EUR,2024-01-05,USA,Mobile,Travel,Declined
307,1023,87.31,EUR,2024-02-03,Mexico,In-Store,Travel,Pending
308,1074,370.33,USD,2024-02-11,Mexico,In-Store,Electronics,Completed
309,1071,45.99,CAD,2024-01-01,USA,Online,Grocery,Refunded
310,1035,303.56,MXN,2024-02-08,Canada,Mobile,Restaurant,Completed
311,1037,126.45,CAD,2024-02-01,UK,Mobile,Travel,Pending
312,1083,197.7,GBP,2024-01-26,USA,Mobile,Travel,Declined
313,1098,147.9,GBP,2024-01-17,Spain,In-Store,Pharmacy,Refunded
314,1088,181.06,USD,2024-02-17,Canada,Mobile,Restaurant,Declined
315,1098,360.93,USD,2024-02-28,Spain,Mobile,Electronics,Pending
316,1024,152.08,USD,2024-01-27,Canada,Online,Grocery,Completed
317,1092,285.37,GBP,2024-01-24,UK,Online,Pharmacy,Refunded
318,1017,240.64,CAD,2024-02-04,UK,Online,Electronics,Declined
319,1081,333.52,CAD,2024-02-15,Mexico,In-Store,Fashion,Declined
320,1065,468.73,USD,2024-02-11,Spain,Mobile,Travel,Declined
321,1053,367.62,MXN,2024-02-23,Canada,Online,Fashion,Completed
322,1034,111.4,CAD,2024-02-08,UK,Online,Travel,Refunded
323,1079,20.44,GBP,2024-01-26,USA,Online,Travel,Completed
324,1060,134.82,EUR,2024-02-18,UK,Mobile,Fashion,Completed
325,1040,299.56,EUR,2024-02-07,USA,Mobile,Fashion,Completed
326,1099,30.46,EUR,2024-01-23,Canada,Mobile,Electronics,Pending
327,1032,250.7,MXN,2024-01-22,UK,In-Store,Pharmacy,Pending
328,1067,300.44,USD,2024-01-04,UK,In-Store,Pharmacy,Pending
329,1032,170.45,GBP,2024-02-18,Canada,Online,Fashion,Refunded
330,1013,386.6,MXN,2024-02-28,UK,Mobile,Electronics,Completed
331,1020,57.77,GBP,2024-01-09,USA,Online,Pharmacy,Completed
332,1047,42.19,GBP,2024-01-04,UK,Mobile,Electronics,Pending
333,1019,365.45,USD,2024-01-07,Spain,Mobile,Electronics,Completed
334,1007,250.27,EUR,2024-01-23,Mexico,Mobile,Travel,Completed
335,1006,345.76,USD,2024-01-02,USA,In-Store,Pharmacy,Declined
336,1066,220.24,MXN,2024-02-18,Spain,In-Store,Pharmacy,Completed
337,1016,126.97,MXN,2024-01-24,Canada,Mobile,Travel,Declined
338,1032,410.46,MXN,2024-02-09,USA,Online,Fashion,Completed
339,1047,400.71,USD,2024-02-24,Mexico,Mobile,Travel,Refunded
340,1075,348.87,GBP,2024-01-31,Mexico,Mobile,Pharmacy,Pending
341,1058,139.71,GBP,2024-02-16,Canada,Online,Pharmacy,Declined
342,1085,297.16,CAD,2024-01-31,Canada,Mobile,Fashion,Pending
343,1021,183.68,MXN,2024-02-16,USA,Online,Travel,Declined
344,1029,50.33,GBP,2024-02-09,UK,In-Store,Grocery,Declined
345,1037,459.07,CAD,2024-02-17,Canada,In-Store,Grocery,Declined
346,1050,72.73,GBP,2024-02-20,UK,Online,Fashion,Refunded
347,1053,475.37,MXN,2024-02-12,Spain,In-Store,Travel,Completed
348,1007,225.77,EUR,2024-02-03,Mexico,In-Store,Travel,Declined
349,1026,96.64,MXN,2024-02-24,UK,Online,Electronics,Refunded
350,1026,273.24,USD,2024-01-24,Mexico,In-Store,Pharmacy,Declined
351,1097,437.11,GBP,2024-02-18,UK,Mobile,Restaurant,Completed
352,1020,367.45,GBP,2024-02-29,Spain,Mobile,Fashion,Declined
353,1029,404.25,USD,2024-01-26,Canada,Online,Restaurant,Refunded
354,1096,331.1,USD,2024-01-16,Spain,In-Store,Restaurant,Completed
355,1027,347.68,EUR,2024-02-26,Canada,Mobile,Fashion,Refunded
356,1063,425.35,GBP,2024-02-16,Canada,Mobile,Travel,Completed
357,1096,128.59,GBP,2024-01-13,Mexico,In-Store,Fashion,Completed
358,1068,247.27,EUR,2024-01-15,Spain,In-Store,Restaurant,Pending
359,1060,114.5,CAD,2024-01-27,UK,Mobile,Pharmacy,Pending
360,1047,493.9,EUR,2024-01-04,Spain,Mobile,Pharmacy,Pending
361,1018,472.31,MXN,2024-01-16,Mexico,Online,Pharmacy,Completed
362,1003,24.52,GBP,2024-01-30,Canada,Online,Travel,Declined
363,1034,354.26,USD,2024-02-13,Mexico,Mobile,Grocery,Refunded
364,1063,463.0,MXN,2024-01-30,USA,Online,Fashion,Refunded
365,1048,94.38,GBP,2024-02-05,USA,Mobile,Pharmacy,Refunded
366,1016,286.13,EUR,2024-01-03,UK,Mobile,Fashion,Pending
367,1043,458.17,MXN,2024-01-22,Mexico,Online,Pharmacy,Completed
368,1091,21.8,GBP,2024-02-18,UK,Online,Travel,Pending
369,1029,350.22,CAD,2024-01-22,UK,In-Store,Grocery,Declined
370,1092,152.19,CAD,2024-02-19,USA,In-Store,Grocery,Completed
371,1045,462.58,USD,2024-02-26,UK,In-Store,Pharmacy,Refunded
372,1005,485.67,GBP,2024-02-19,USA,Mobile,Travel,Pending
373,1098,472.41,CAD,2024-02-24,Canada,Online,Electronics,Pending
374,1036,239.74,EUR,2024-02-29,Mexico,Mobile,Fashion,Declined
375,1023,431.71,GBP,2024-02-18,UK,Online,Fashion,Declined
376,1092,423.05,EUR,2024-01-12,USA,Mobile,Restaurant,Pending
377,1045,162.95,EUR,2024-02-24,Spain,In-Store,Travel,Declined
378,1052,415.31,CAD,2024-01-21,UK,In-Store,Restaurant,Refunded
379,1094,23.32,GBP,2024-02-25,Canada,In-Store,Pharmacy,Declined
380,1098,300.15,MXN,2024-01-04,Canada,Mobile,Restaurant,Declined
381,1059,118.85,CAD,2024-01-31,Spain,Online,Grocery,Pending
382,1096,64.68,CAD,2024-02-13,USA,Online,Fashion,Pending
383,1062,43.09,GBP,2024-01-31,UK,In-Store,Restaurant,Completed
384,1084,349.66,GBP,2024-02-27,USA,In-Store,Grocery,Completed
385,1031,173.24,EUR,2024-01-23,Canada,In-Store,Travel,Pending
386,1086,363.76,GBP,2024-02-23,USA,In-Store,Restaurant,Declined
387,1032,37.35,EUR,2024-02-22,Canada,Online,Pharmacy,Declined
388,1066,161.07,CAD,2024-01-20,USA,Mobile,Pharmacy,Completed
389,1017,272.05,USD,2024-01-15,Spain,Mobile,Pharmacy,Completed
390,1024,396.41,MXN,2024-01-23,Mexico,Mobile,Fashion,Completed
391,1094,162.78,CAD,2024-01-28,Spain,Mobile,Restaurant,Refunded
392,1053,314.82,GBP,2024-01-16,Spain,In-Store,Travel,Refunded
393,1057,443.56,MXN,2024-02-06,Mexico,In-Store,Restaurant,Completed
394,1066,309.85,USD,2024-01-21,Mexico,In-Store,Fashion,Declined
395,1045,120.31,USD,2024-01-15,UK,Mobile,Grocery,Completed
396,1023,17.08,EUR,2024-01-17,UK,In-Store,Fashion,Refunded
397,1031,435.7,MXN,2024-02-19,Spain,In-Store,Pharmacy,Declined
398,1046,15.53,EUR,2024-02-06,Spain,Online,Grocery,Refunded
399,1085,437.98,CAD,2024-01-13,Canada,Online,Pharmacy,Declined
400,1022,266.82,MXN,2024-01-19,Canada,In-Store,Electronics,Refunded
401,1065,469.84,CAD,2024-01-30,UK,Online,Fashion,Declined
402,1026,400.4,EUR,2024-02-14,UK,Online,Fashion,Declined
403,1001,498.98,MXN,2024-01-18,Canada,In-Store,Travel,Declined
404,1089,178.6,EUR,2024-01-14,Canada,In-Store,Restaurant,Declined
405,1016,384.76,MXN,2024-02-05,USA,In-Store,Grocery,Pending
406,1032,203.96,EUR,2024-02-05,USA,In-Store,Grocery,Refunded
407,1008,242.54,USD,2024-01-20,Canada,Mobile,Travel,Refunded
408,1042,315.62,EUR,2024-02-21,USA,Mobile,Travel,Pending
409,1047,437.47,USD,2024-01-19,Mexico,In-Store,Restaurant,Declined
410,1038,492.12,EUR,2024-02-14,UK,Online,Pharmacy,Declined
411,1092,385.3,MXN,2024-02-13,UK,In-Store,Restaurant,Refunded
412,1041,211.79,MXN,2024-01-07,Canada,In-Store,Fashion,Pending
413,1025,213.57,MXN,2024-02-26,Spain,Online,Pharmacy,Declined
414,1098,370.1,GBP,2024-02-13,Canada,Mobile,Electronics,Declined
415,1049,123.19,CAD,2024-02-22,USA,In-Store,Restaurant,Declined
416,1024,59.68,MXN,2024-01-04,Spain,In-Store,Travel,Completed
417,1023,180.54,USD,2024-02-28,USA,Mobile,Pharmacy,Pending
418,1012,147.18,MXN,2024-02-03,Mexico,Mobile,Restaurant,Declined
419,1059,151.67,GBP,2024-01-02,USA,Online,Grocery,Completed
420,1006,120.64,USD,2024-01-05,Mexico,Mobile,Electronics,Pending
421,1056,25.84,GBP,2024-02-24,Mexico,Mobile,Fashion,Declined
422,1035,13.85,USD,2024-01-10,USA,Mobile,Grocery,Refunded
423,1044,493.92,EUR,2024-02-01,USA,Online,Grocery,Completed
424,1019,216.75,CAD,2024-02-11,Mexico,Mobile,Electronics,Completed
425,1064,195.24,CAD,2024-02-10,Spain,Mobile,Fashion,Declined
426,1007,341.43,GBP,2024-01-13,Mexico,Online,Travel,Declined
427,1015,113.04,CAD,2024-02-08,UK,Mobile,Pharmacy,Completed
428,1013,475.23,GBP,2024-01-05,Mexico,Mobile,Fashion,Refunded
429,1075,394.24,GBP,2024-02-27,Spain,Online,Restaurant,Refunded
430,1086,49.26,GBP,2024-01-10,UK,In-Store,Grocery,Pending
431,1014,211.7,CAD,2024-01-10,Canada,Online,Restaurant,Declined
432,1091,440.16,GBP,2024-02-07,Canada,Mobile,Travel,Refunded
433,1097,472.64,CAD,2024-01-27,Spain,Mobile,Restaurant,Pending
434,1065,236.36,GBP,2024-02-29,Mexico,Mobile,Fashion,Refunded
435,1031,308.64,MXN,2024-02-20,USA,Online,Restaurant,Declined
436,1086,87.68,GBP,2024-01-21,Spain,Mobile,Travel,Pending
437,1062,495.63,USD,2024-01-08,UK,Mobile,Travel,Pending
438,1085,119.68,GBP,2024-01-01,UK,Online,Travel,Pending
439,1050,471.65,EUR,2024-01-28,Canada,In-Store,Fashion,Refunded
440,1024,326.58,GBP,2024-02-18,UK,In-Store,Travel,Declined
441,1057,305.83,USD,2024-02-08,Spain,Mobile,Grocery,Pending
442,1062,258.78,USD,2024-01-14,UK,Online,Travel,Completed
443,1061,119.18,CAD,2024-01-21,Spain,Mobile,Restaurant,Declined
444,1021,92.38,MXN,2024-01-30,USA,Online,Pharmacy,Completed
445,1057,114.14,GBP,2024-01-21,Canada,Online,Restaurant,Completed
446,1057,97.29,CAD,2024-02-18,UK,In-Store,Pharmacy,Pending
447,1085,390.89,MXN,2024-01-09,Spain,In-Store,Restaurant,Pending
448,1048,178.31,GBP,2024-01-17,Mexico,Online,Fashion,Refunded
449,1051,33.63,EUR,2024-01-05,Canada,Mobile,Restaurant,Refunded
450,1041,484.71,GBP,2024-02-27,USA,In-Store,Fashion,Refunded
451,1069,442.47,USD,2024-02-26,Spain,Mobile,Fashion,Declined
452,1014,464.24,USD,2024-01-31,USA,In-Store,Travel,Refunded
453,1053,497.48,EUR,2024-02-21,USA,In-Store,Grocery,Completed
454,1059,91.08,CAD,2024-02-09,UK,Mobile,Pharmacy,Refunded
455,1096,201.14,MXN,2024-02-07,UK,In-Store,Travel,Pending
456,1007,380.33,GBP,2024-02-12,Spain,In-Store,Travel,Refunded
457,1052,349.53,USD,2024-01-19,Mexico,Mobile,Fashion,Declined
458,1059,81.18,CAD,2024-02-05,Spain,In-Store,Fashion,Declined
459,1004,408.84,EUR,2024-02-19,Mexico,In-Store,Pharmacy,Completed
460,1067,116.1,USD,2024-02-02,USA,In-Store,Restaurant,Declined
461,1005,115.79,EUR,2024-01-13,Canada,Mobile,Restaurant,Refunded
462,1095,270.8,GBP,2024-01-14,Spain,Online,Travel,Pending
463,1093,298.51,MXN,2024-02-25,Spain,Mobile,Electronics,Declined
464,1046,292.14,USD,2024-02-02,Mexico,Online,Electronics,Completed
465,1098,50.29,USD,2024-01-29,USA,In-Store,Restaurant,Refunded
466,1054,439.34,GBP,2024-02-12,USA,Online,Electronics,Completed
467,1039,136.47,CAD,2024-02-18,Mexico,Mobile,Restaurant,Declined
468,1051,69.11,MXN,2024-02-05,USA,Mobile,Fashion,Declined
469,1015,444.93,USD,2024-02-27,UK,In-Store,Travel,Completed
470,1012,478.05,MXN,2024-02-13,Canada,Online,Grocery,Refunded
471,1029,431.75,USD,2024-01-10,Spain,In-Store,Travel,Declined
472,1018,405.71,MXN,2024-01-31,Canada,In-Store,Restaurant,Pending
473,1016,329.34,EUR,2024-01-06,Spain,Mobile,Restaurant,Declined
474,1062,277.67,USD,2024-02-26,UK,Online,Travel,Refunded
475,1018,48.06,MXN,2024-01-01,USA,Online,Pharmacy,Declined
476,1091,207.18,CAD,2024-01-07,Mexico,Online,Restaurant,Completed
477,1057,189.48,EUR,2024-02-27,UK,Online,Electronics,Declined
478,1054,133.58,EUR,2024-01-27,Canada,In-Store,Electronics,Declined
479,1089,363.09,CAD,2024-01-21,Mexico,In-Store,Restaurant,Refunded
480,1089,250.46,MXN,2024-01-28,USA,Mobile,Restaurant,Completed
481,1061,45.12,GBP,2024-01-16,UK,In-Store,Pharmacy,Refunded
482,1022,113.99,CAD,2024-02-25,Mexico,In-Store,Electronics,Declined
483,1008,343.21,MXN,2024-02-15,UK,Mobile,Restaurant,Pending
484,1011,42.68,CAD,2024-01-23,UK,Mobile,Restaurant,Declined
485,1000,426.35,CAD,2024-02-21,USA,Mobile,Pharmacy,Refunded
486,1057,250.1,USD,2024-01-20,Spain,In-Store,Pharmacy,Pending
487,1000,242.89,MXN,2024-02-07,Mexico,In-Store,Travel,Refunded
488,1033,298.24,GBP,2024-02-23,USA,Mobile,Pharmacy,Refunded
489,1095,413.22,USD,2024-01-25,UK,Mobile,Grocery,Completed
490,1047,177.17,CAD,2024-01-28,USA,Mobile,Electronics,Pending
491,1088,340.62,CAD,2024-01-05,Spain,In-Store,Travel,Declined
492,1000,285.04,CAD,2024-02-25,Mexico,In-Store,Grocery,Refunded
493,1015,137.18,MXN,2024-01-21,Spain,Online,Restaurant,Declined
494,1060,439.92,MXN,2024-01-18,Canada,In-Store,Restaurant,Completed
495,1063,399.73,USD,2024-02-16,Mexico,In-Store,Travel,Completed
496,1062,330.93,GBP,2024-01-06,Spain,In-Store,Pharmacy,Pending
497,1068,426.04,USD,2024-02-26,UK,Mobile,Restaurant,Completed
498,1021,434.31,EUR,2024-01-29,Mexico,In-Store,Fashion,Completed
499,1092,355.64,CAD,2024-01-19,Mexico,Mobile,Travel,Declined
500,1066,419.32,CAD,2024-02-02,USA,Online,Grocery,Completed
501,1075,350.25,CAD,2024-01-01,UK,Online,Travel,Completed
502,1025,341.67,USD,2024-02-14,Canada,Mobile,Electronics,Refunded
503,1015,311.21,USD,2024-01-03,Spain,Mobile,Pharmacy,Completed
504,1050,377.59,CAD,2024-02-11,USA,Mobile,Pharmacy,Refunded
505,1085,83.51,USD,2024-01-21,Spain,In-Store,Travel,Completed
506,1056,441.03,MXN,2024-02-04,Canada,Online,Restaurant,Completed
507,1028,436.56,MXN,2024-02-10,Canada,Mobile,Restaurant,Pending
508,1077,19.48,USD,2024-02-09,Mexico,In-Store,Fashion,Pending
509,1091,413.78,CAD,2024-01-03,Canada,Online,Fashion,Refunded
510,1068,68.79,USD,2024-01-25,Spain,In-Store,Pharmacy,Completed
511,1046,170.88,USD,2024-02-14,UK,Online,Fashion,Declined
512,1093,373.04,USD,2024-02-07,UK,In-Store,Grocery,Pending
513,1061,84.58,EUR,2024-02-14,Mexico,Online,Fashion,Declined
514,1068,409.89,MXN,2024-02-24,Spain,Online,Grocery,Pending
515,1075,416.91,GBP,2024-01-20,Spain,In-Store,Fashion,Pending
516,1015,256.2,GBP,2024-02-21,Canada,Mobile,Pharmacy,Completed
517,1089,8.16,EUR,2024-02-13,Spain,Online,Pharmacy,Pending
518,1089,147.08,USD,2024-02-14,USA,Mobile,Grocery,Declined
519,1047,310.38,EUR,2024-02-03,Canada,In-Store,Travel,Pending
520,1084,490.69,EUR,2024-01-21,USA,Mobile,Pharmacy,Refunded
521,1038,317.75,CAD,2024-02-25,Mexico,Mobile,Travel,Completed
522,1099,133.6,MXN,2024-02-24,UK,Mobile,Restaurant,Completed
523,1032,318.83,GBP,2024-02-17,Mexico,Mobile,Grocery,Refunded
524,1093,272.29,USD,2024-01-23,UK,Mobile,Pharmacy,Refunded
525,1022,391.02,GBP,2024-01-06,Mexico,Online,Electronics,Refunded
526,1009,57.96,GBP,2024-02-20,Spain,Online,Restaurant,Pending
527,1068,381.71,MXN,2024-02-22,USA,Online,Travel,Completed
528,1099,272.93,GBP,2024-01-13,UK,In-Store,Pharmacy,Refunded
529,1033,481.68,GBP,2024-02-18,Canada,Mobile,Grocery,Pending
530,1051,174.23,EUR,2024-01-23,USA,Online,Fashion,Refunded
531,1094,318.15,MXN,2024-01-09,Canada,In-Store,Electronics,Declined
532,1009,466.35,CAD,2024-01-17,USA,Online,Travel,Declined
533,1018,55.74,USD,2024-01-02,USA,Online,Restaurant,Completed
534,1057,468.93,GBP,2024-01-19,Mexico,Mobile,Grocery,Pending
535,1095,345.5,USD,2024-01-19,UK,In-Store,Electronics,Declined
536,1000,38.58,CAD,2024-02-25,UK,Mobile,Grocery,Declined
537,1068,153.98,USD,2024-01-07,USA,Mobile,Pharmacy,Pending
538,1003,355.55,CAD,2024-02-23,Spain,Online,Fashion,Refunded
539,1015,38.34,EUR,2024-02-11,Spain,Mobile,Restaurant,Pending
540,1023,293.17,GBP,2024-02-11,Canada,In-Store,Grocery,Refunded
541,1079,176.21,CAD,2024-02-28,Canada,Mobile,Travel,Declined
542,1001,312.35,USD,2024-01-20,Mexico,Mobile,Pharmacy,Declined
543,1091,27.64,GBP,2024-01-09,USA,Mobile,Pharmacy,Declined
544,1031,436.41,EUR,2024-01-17,Canada,Online,Restaurant,Completed
545,1090,486.88,GBP,2024-01-27,Canada,In-Store,Pharmacy,Completed
546,1083,484.59,CAD,2024-02-16,USA,Online,Travel,Completed
547,1023,376.08,EUR,2024-01-02,Mexico,Online,Grocery,Pending
548,1011,69.39,USD,2024-02-05,Canada,Online,Restaurant,Declined
549,1049,380.34,EUR,2024-01-19,Mexico,Online,Pharmacy,Declined
550,1034,17.17,EUR,2024-01-17,UK,Online,Pharmacy,Pending
551,1032,15.95,MXN,2024-01-05,Mexico,In-Store,Travel,Completed
552,1032,165.19,EUR,2024-02-08,Spain,Mobile,Fashion,Pending
553,1060,246.88,EUR,2024-01-18,Spain,Online,Fashion,Completed
554,1050,386.35,GBP,2024-02-22,Mexico,Online,Pharmacy,Declined
555,1042,343.23,USD,2024-02-23,Spain,In-Store,Grocery,Refunded
556,1011,225.72,GBP,2024-02-28,UK,In-Store,Restaurant,Completed
557,1066,140.45,GBP,2024-01-07,USA,Mobile,Pharmacy,Declined
558,1064,498.58,CAD,2024-01-17,Spain,In-Store,Electronics,Declined
559,1032,215.96,GBP,2024-02-08,Spain,Mobile,Restaurant,Refunded
560,1039,228.44,MXN,2024-02-05,Mexico,Online,Fashion,Declined
561,1073,85.99,MXN,2024-02-09,UK,Online,Pharmacy,Declined
562,1042,398.43,CAD,2024-02-14,USA,Mobile,Travel,Completed
563,1043,348.37,USD,2024-01-04,Mexico,In-Store,Electronics,Completed
564,1028,114.28,USD,2024-02-07,Mexico,Mobile,Pharmacy,Refunded
565,1012,45.78,GBP,2024-01-25,UK,In-Store,Grocery,Refunded
566,1011,341.85,GBP,2024-01-05,USA,Online,Electronics,Declined
567,1094,328.98,GBP,2024-01-30,UK,In-Store,Pharmacy,Completed
568,1045,140.26,USD,2024-01-12,USA,Mobile,Grocery,Refunded
569,1001,475.68,EUR,2024-01-04,UK,Mobile,Electronics,Refunded
570,1034,79.77,MXN,2024-01-24,Mexico,Online,Grocery,Pending
571,1086,219.01,EUR,2024-01-29,Mexico,In-Store,Grocery,Refunded
572,1080,472.09,EUR,2024-01-09,Canada,In-Store,Electronics,Declined
573,1089,212.77,USD,2024-01-04,Spain,In-Store,Electronics,Completed
574,1007,321.07,EUR,2024-02-20,UK,Online,Grocery,Refunded
575,1092,201.81,CAD,2024-01-24,Canada,In-Store,Fashion,Pending
576,1025,140.74,GBP,2024-01-14,Spain,Mobile,Electronics,Completed
577,1073,492.07,CAD,2024-01-05,UK,In-Store,Pharmacy,Refunded
578,1089,207.62,MXN,2024-01-18,USA,Online,Restaurant,Pending
579,1033,447.58,GBP,2024-02-11,Spain,In-Store,Travel,Refunded
580,1006,118.83,EUR,2024-02-26,Mexico,In-Store,Grocery,Completed
581,1067,110.49,MXN,2024-01-19,Canada,Mobile,Grocery,Completed
582,1057,20.41,GBP,2024-01-12,Spain,In-Store,Travel,Completed
583,1074,327.58,EUR,2024-01-18,Spain,Mobile,Fashion,Declined
584,1028,187.42,CAD,2024-01-17,Mexico,Mobile,Travel,Refunded
585,1035,432.86,GBP,2024-01-30,UK,Online,Electronics,Declined
586,1088,239.24,EUR,2024-01-24,USA,Mobile,Travel,Completed
587,1020,484.26,CAD,2024-01-11,Mexico,Mobile,Grocery,Pending
588,1035,96.84,MXN,2024-02-04,USA,Online,Travel,Refunded
589,1009,434.97,MXN,2024-01-23,UK,Mobile,Restaurant,Declined
590,1072,389.42,MXN,2024-01-17,Spain,Online,Pharmacy,Refunded
591,1023,386.61,MXN,2024-01-01,USA,In-Store,Electronics,Pending
592,1063,423.17,USD,2024-01-15,Canada,Online,Travel,Declined
593,1098,381.71,GBP,2024-02-01,Canada,Mobile,Grocery,Completed
594,1048,314.98,GBP,2024-02-29,Mexico,Online,Pharmacy,Declined
595,1098,69.97,USD,2024-01-09,UK,Mobile,Electronics,Refunded
596,1035,21.1,EUR,2024-01-15,Mexico,In-Store,Grocery,Refunded
597,1081,460.82,EUR,2024-01-28,Mexico,Online,Fashion,Refunded
598,1095,310.24,MXN,2024-01-24,Mexico,In-Store,Restaurant,Refunded
599,1023,399.29,CAD,2024-02-29,Canada,Mobile,Fashion,Completed
600,1022,243.35,EUR,2024-02-04,Canada,Mobile,Restaurant,Declined
601,1061,63.07,CAD,2024-01-22,Mexico,In-Store,Travel,Completed
602,1095,66.97,GBP,2024-01-27,Canada,Online,Electronics,Completed
603,1036,344.35,CAD,2024-01-19,UK,Online,Travel,Completed
604,1011,218.0,GBP,2024-02-14,Mexico,Mobile,Restaurant,Refunded
605,1054,104.26,USD,2024-01-12,Canada,In-Store,Restaurant,Refunded
606,1012,248.34,USD,2024-01-20,USA,In-Store,Restaurant,Refunded
607,1022,36.78,MXN,2024-01-01,Mexico,Online,Pharmacy,Declined
608,1088,293.08,EUR,2024-01-21,Mexico,Online,Grocery,Pending
609,1098,138.15,MXN,2024-02-18,UK,Online,Electronics,Refunded
610,1029,399.79,GBP,2024-02-14,Spain,In-Store,Travel,Declined
611,1016,158.63,MXN,2024-01-01,Spain,Online,Travel,Refunded
612,1061,230.33,CAD,2024-01-10,UK,Online,Fashion,Refunded
613,1083,10.75,GBP,2024-02-16,UK,Mobile,Restaurant,Completed
614,1088,40.86,USD,2024-02-28,UK,Online,Restaurant,Completed
615,1085,199.28,EUR,2024-02-28,Spain,Online,Restaurant,Completed
616,1012,242.57,GBP,2024-02-01,UK,In-Store,Travel,Declined
617,1058,302.01,GBP,2024-02-08,Canada,In-Store,Fashion,Pending
618,1018,149.37,CAD,2024-02-29,Mexico,Mobile,Grocery,Pending
619,1048,349.02,EUR,2024-01-22,Mexico,Online,Pharmacy,Declined
620,1099,430.76,USD,2024-01-18,USA,Mobile,Electronics,Refunded
621,1011,391.03,GBP,2024-02-17,USA,In-Store,Grocery,Declined
622,1060,24.61,GBP,2024-02-15,Mexico,Mobile,Travel,Refunded
623,1018,242.85,CAD,2024-02-01,Canada,In-Store,Pharmacy,Declined
624,1075,56.94,MXN,2024-01-27,Spain,Mobile,Pharmacy,Declined
625,1008,124.81,USD,2024-01-28,Spain,Mobile,Pharmacy,Declined
626,1070,493.4,EUR,2024-01-18,Canada,Online,Restaurant,Pending
627,1027,75.54,GBP,2024-02-28,Spain,Mobile,Electronics,Completed
628,1077,251.95,GBP,2024-02-08,UK,Online,Travel,Declined
629,1094,310.99,USD,2024-02-18,Mexico,Online,Travel,Pending
630,1051,352.72,MXN,2024-01-29,Mexico,Online,Pharmacy,Completed
631,1082,282.03,GBP,2024-01-18,Canada,Online,Travel,Completed
632,1015,9.84,USD,2024-02-13,Spain,Mobile,Electronics,Declined
633,1068,166.6,CAD,2024-01-08,USA,In-Store,Electronics,Refunded
634,1098,261.27,MXN,2024-02-23,USA,In-Store,Fashion,Refunded
635,1011,48.49,EUR,2024-01-31,Spain,In-Store,Fashion,Refunded
636,1024,178.56,GBP,2024-02-03,USA,Mobile,Grocery,Declined
637,1051,21.44,USD,2024-01-07,Canada,Online,Electronics,Refunded
638,1084,43.9,CAD,2024-02-05,Canada,In-Store,Electronics,Pending
639,1099,201.48,EUR,2024-01-18,Spain,Mobile,Electronics,Pending
640,1052,70.69,USD,2024-02-29,USA,Online,Fashion,Pending
641,1022,285.93,USD,2024-02-07,Canada,In-Store,Pharmacy,Pending
642,1015,346.29,EUR,2024-02-28,Canada,Online,Pharmacy,Completed
643,1056,401.29,CAD,2024-01-09,UK,In-Store,Travel,Pending
644,1038,104.07,CAD,2024-02-28,UK,In-Store,Pharmacy,Refunded
645,1052,87.9,MXN,2024-01-09,Canada,In-Store,Restaurant,Declined
646,1041,56.76,GBP,2024-02-15,Spain,Online,Fashion,Refunded
647,1057,320.03,EUR,2024-01-08,Mexico,Mobile,Electronics,Pending
648,1038,354.71,EUR,2024-02-20,Mexico,Online,Pharmacy,Completed
649,1013,20.64,EUR,2024-02-04,Canada,In-Store,Fashion,Pending
650,1094,468.43,CAD,2024-01-18,Canada,Online,Pharmacy,Declined
651,1004,30.73,GBP,2024-01-05,Canada,Mobile,Grocery,Refunded
652,1034,272.94,MXN,2024-01-14,Spain,Online,Electronics,Declined
653,1086,355.98,USD,2024-01-28,UK,Mobile,Grocery,Declined
654,1092,436.13,USD,2024-01-30,Canada,Mobile,Electronics,Declined
655,1074,358.47,EUR,2024-01-04,Canada,Online,Fashion,Refunded
656,1017,401.86,GBP,2024-02-08,USA,In-Store,Travel,Pending
657,1075,173.03,CAD,2024-01-20,Spain,Mobile,Pharmacy,Declined
658,1008,408.34,GBP,2024-01-25,Canada,Online,Pharmacy,Refunded
659,1073,44.66,GBP,2024-01-28,USA,Mobile,Restaurant,Completed
660,1057,447.93,CAD,2024-01-12,Mexico,In-Store,Grocery,Refunded
661,1016,276.06,EUR,2024-01-02,Canada,Online,Pharmacy,Completed
662,1006,409.56,GBP,2024-02-12,Canada,Online,Fashion,Refunded
663,1045,228.9,USD,2024-01-14,USA,Online,Travel,Pending
664,1012,323.57,CAD,2024-01-22,Spain,In-Store,Fashion,Declined
665,1039,265.57,MXN,2024-01-31,Canada,Mobile,Grocery,Pending
666,1041,367.14,EUR,2024-01-23,Mexico,Online,Restaurant,Refunded
667,1008,45.41,CAD,2024-02-17,Canada,Mobile,Pharmacy,Declined
668,1049,34.87,MXN,2024-01-20,Mexico,Mobile,Fashion,Completed
669,1026,127.32,MXN,2024-02-07,UK,In-Store,Electronics,Refunded
670,1065,83.97,GBP,2024-02-24,UK,Online,Travel,Declined
671,1004,436.53,GBP,2024-01-04,Mexico,Mobile,Fashion,Completed
672,1028,113.51,GBP,2024-01-15,Spain,Online,Travel,Completed
673,1036,488.05,CAD,2024-01-24,Canada,Online,Pharmacy,Pending
674,1037,171.76,CAD,2024-01-25,Canada,In-Store,Electronics,Refunded
675,1082,95.15,EUR,2024-01-01,UK,Online,Restaurant,Completed
676,1007,395.9,GBP,2024-01-07,Mexico,Online,Restaurant,Declined
677,1064,331.06,MXN,2024-02-26,Canada,Mobile,Electronics,Completed
678,1085,251.61,USD,2024-01-31,Canada,In-Store,Travel,Completed
679,1016,279.9,EUR,2024-01-12,Spain,Online,Pharmacy,Pending
680,1070,361.0,CAD,2024-02-11,USA,Mobile,Fashion,Pending
681,1088,118.09,EUR,2024-01-05,UK,In-Store,Electronics,Declined
682,1044,498.19,EUR,2024-02-13,UK,In-Store,Grocery,Pending
683,1003,487.52,EUR,2024-02-19,USA,Mobile,Travel,Completed
684,1035,326.91,EUR,2024-02-11,Canada,Mobile,Restaurant,Completed
685,1069,103.77,USD,2024-02-07,Spain,Mobile,Electronics,Pending
686,1030,341.71,GBP,2024-02-29,Spain,Mobile,Restaurant,Completed
687,1018,40.74,MXN,2024-01-12,UK,Mobile,Travel,Completed
688,1060,20.17,EUR,2024-02-08,Spain,Online,Restaurant,Declined
689,1053,132.55,EUR,2024-01-18,USA,Online,Electronics,Pending
690,1038,234.0,EUR,2024-01-02,Canada,In-Store,Travel,Completed
691,1090,434.79,GBP,2024-01-10,USA,Online,Grocery,Pending
692,1073,364.95,CAD,2024-01-15,Mexico,Online,Electronics,Declined
693,1089,372.64,CAD,2024-01-30,UK,Online,Fashion,Pending
694,1018,215.62,USD,2024-02-13,Spain,Mobile,Pharmacy,Completed
695,1038,176.24,CAD,2024-02-27,Mexico,In-Store,Electronics,Pending
696,1066,188.66,EUR,2024-01-17,Spain,In-Store,Travel,Completed
697,1044,493.89,EUR,2024-01-04,Canada,In-Store,Pharmacy,Completed
698,1012,24.85,EUR,2024-01-07,Canada,In-Store,Electronics,Completed
699,1091,434.18,USD,2024-02-10,Canada,Online,Grocery,Declined
700,1057,291.44,EUR,2024-01-31,Spain,Online,Grocery,Pending
701,1019,222.11,CAD,2024-02-20,Mexico,Mobile,Fashion,Declined
702,1091,364.0,GBP,2024-02-29,Canada,In-Store,Restaurant,Pending
703,1071,245.9,GBP,2024-02-28,Mexico,Online,Pharmacy,Declined
704,1060,437.34,MXN,2024-02-24,Spain,Online,Travel,Refunded
705,1038,450.85,CAD,2024-02-08,Mexico,Mobile,Travel,Completed
706,1000,213.75,EUR,2024-02-24,Spain,Mobile,Restaurant,Completed
707,1002,142.03,GBP,2024-02-03,Spain,Mobile,Grocery,Declined
708,1076,298.21,CAD,2024-01-06,UK,Online,Grocery,Refunded
709,1091,456.62,GBP,2024-02-19,Spain,Online,Electronics,Completed
710,1061,109.28,EUR,2024-02-07,Spain,Mobile,Fashion,Pending
711,1062,313.37,GBP,2024-02-14,USA,In-Store,Pharmacy,Declined
712,1024,317.62,MXN,2024-02-27,Canada,Mobile,Fashion,Completed
713,1055,367.89,MXN,2024-02-20,UK,Mobile,Fashion,Completed
714,1032,70.13,GBP,2024-02-03,UK,Mobile,Electronics,Declined
715,1037,359.33,CAD,2024-02-13,UK,Mobile,Fashion,Declined
716,1005,454.97,CAD,2024-01-15,USA,Online,Restaurant,Pending
717,1057,93.94,CAD,2024-01-14,Spain,In-Store,Electronics,Pending
718,1043,122.58,GBP,2024-01-06,Canada,Mobile,Restaurant,Completed
719,1044,485.84,CAD,2024-02-19,Mexico,In-Store,Electronics,Completed
720,1031,94.58,EUR,2024-02-06,Spain,In-Store,Fashion,Declined
721,1044,427.92,MXN,2024-02-19,USA,In-Store,Restaurant,Completed
722,1060,248.68,EUR,2024-02-01,Spain,Mobile,Restaurant,Completed
723,1046,127.38,CAD,2024-01-03,Spain,Online,Restaurant,Declined
724,1020,436.02,EUR,2024-01-03,USA,Mobile,Electronics,Completed
725,1079,225.43,CAD,2024-01-22,UK,In-Store,Travel,Completed
726,1084,259.83,GBP,2024-01-22,UK,In-Store,Fashion,Refunded
727,1074,182.82,EUR,2024-01-10,Canada,Online,Restaurant,Pending
728,1035,298.51,GBP,2024-02-20,Canada,Mobile,Pharmacy,Declined
729,1098,85.94,GBP,2024-01-03,UK,In-Store,Travel,Refunded
730,1018,198.59,USD,2024-01-12,Mexico,Online,Pharmacy,Pending
731,1019,484.86,CAD,2024-01-29,Spain,In-Store,Fashion,Pending
732,1056,132.78,MXN,2024-02-17,Mexico,Online,Fashion,Pending
733,1017,330.08,CAD,2024-01-17,Spain,Online,Restaurant,Refunded
734,1046,165.97,MXN,2024-01-07,UK,Mobile,Restaurant,Refunded
735,1048,387.87,CAD,2024-01-13,Canada,In-Store,Electronics,Pending
736,1013,69.78,GBP,2024-02-25,Canada,Mobile,Travel,Completed
737,1014,485.06,EUR,2024-01-02,Mexico,In-Store,Travel,Completed
738,1030,229.63,EUR,2024-01-04,Canada,Mobile,Restaurant,Refunded
739,1000,121.84,USD,2024-01-10,UK,In-Store,Fashion,Refunded
740,1053,41.38,MXN,2024-02-08,Mexico,Mobile,Restaurant,Refunded
741,1002,89.03,MXN,2024-01-24,Spain,Online,Fashion,Pending
742,1015,262.29,MXN,2024-01-17,Canada,In-Store,Fashion,Completed
743,1086,171.82,GBP,2024-02-21,USA,In-Store,Restaurant,Refunded
744,1056,415.3,MXN,2024-01-06,Canada,Online,Grocery,Refunded
745,1074,218.29,EUR,2024-01-19,Spain,Mobile,Travel,Declined
746,1011,128.11,GBP,2024-01-05,Mexico,In-Store,Pharmacy,Pending
747,1073,310.49,CAD,2024-02-01,Spain,In-Store,Fashion,Declined
748,1095,354.85,MXN,2024-01-10,USA,Mobile,Fashion,Completed
749,1015,87.69,MXN,2024-01-09,UK,Online,Grocery,Declined
750,1071,87.97,CAD,2024-01-27,Canada,Mobile,Pharmacy,Declined
751,1075,23.15,MXN,2024-01-13,Mexico,Mobile,Electronics,Declined
752,1023,369.52,CAD,2024-01-19,UK,Mobile,Grocery,Pending
753,1027,333.58,GBP,2024-01-21,Spain,In-Store,Pharmacy,Completed
754,1007,239.94,EUR,2024-01-24,Mexico,Online,Grocery,Declined
755,1091,422.86,CAD,2024-02-07,UK,Online,Fashion,Pending
756,1035,403.81,USD,2024-01-04,Mexico,Mobile,Travel,Completed
757,1089,294.75,CAD,2024-01-24,USA,In-Store,Grocery,Refunded
758,1007,434.79,MXN,2024-02-28,USA,Mobile,Electronics,Declined
759,1057,106.89,GBP,2024-02-04,Canada,In-Store,Restaurant,Completed
760,1059,60.4,GBP,2024-01-03,Canada,In-Store,Pharmacy,Declined
761,1049,138.53,CAD,2024-01-04,USA,In-Store,Grocery,Refunded
762,1027,33.26,EUR,2024-02-26,Mexico,In-Store,Grocery,Completed
763,1091,267.93,USD,2024-02-06,USA,Online,Electronics,Pending
764,1040,468.62,GBP,2024-02-09,Canada,In-Store,Travel,Completed
765,1099,24.48,MXN,2024-02-17,USA,In-Store,Grocery,Pending
766,1063,65.44,MXN,2024-02-23,USA,Mobile,Grocery,Completed
767,1026,228.84,EUR,2024-02-04,Mexico,Mobile,Travel,Pending
768,1062,467.27,GBP,2024-01-31,UK,Online,Electronics,Refunded
769,1016,161.5,CAD,2024-02-25,Canada,Mobile,Pharmacy,Refunded
770,1072,256.08,MXN,2024-02-13,Mexico,In-Store,Pharmacy,Refunded
771,1032,25.58,EUR,2024-01-25,USA,Mobile,Grocery,Completed
772,1083,78.43,GBP,2024-02-09,USA,Online,Travel,Refunded
773,1076,493.38,GBP,2024-01-13,UK,Mobile,Grocery,Declined
774,1091,482.73,GBP,2024-01-04,Canada,Mobile,Restaurant,Refunded
775,1028,7.45,GBP,2024-02-15,Canada,Online,Pharmacy,Pending
776,1012,476.15,GBP,2024-01-14,Spain,Online,Fashion,Pending
777,1045,321.36,MXN,2024-01-13,Canada,In-Store,Restaurant,Pending
778,1034,434.62,EUR,2024-01-27,UK,Mobile,Grocery,Completed
779,1005,230.1,GBP,2024-01-06,Spain,In-Store,Electronics,Declined
780,1081,260.22,USD,2024-01-17,Spain,Mobile,Pharmacy,Refunded
781,1068,246.98,USD,2024-02-05,USA,Mobile,Fashion,Declined
782,1046,335.1,EUR,2024-02-09,USA,In-Store,Restaurant,Declined
783,1024,74.13,CAD,2024-02-18,Canada,Mobile,Pharmacy,Pending
784,1065,19.84,CAD,2024-02-04,Spain,Mobile,Travel,Pending
785,1009,157.43,CAD,2024-01-17,USA,Mobile,Electronics,Pending
786,1055,353.82,USD,2024-02-10,UK,Online,Restaurant,Completed
787,1029,104.92,CAD,2024-01-02,USA,In-Store,Travel,Declined
788,1004,338.35,MXN,2024-02-26,USA,Online,Grocery,Declined
789,1032,485.11,GBP,2024-01-13,Spain,In-Store,Travel,Completed
790,1064,51.48,USD,2024-02-21,Spain,In-Store,Restaurant,Completed
791,1017,337.94,EUR,2024-01-02,Mexico,Mobile,Restaurant,Completed
792,1095,224.66,EUR,2024-02-21,UK,In-Store,Grocery,Declined
793,1048,434.73,GBP,2024-01-28,Spain,Online,Travel,Declined
794,1010,92.69,USD,2024-02-12,Canada,Online,Travel,Pending
795,1084,347.85,CAD,2024-02-28,UK,Online,Grocery,Pending
796,1025,419.87,CAD,2024-01-26,UK,In-Store,Travel,Declined
797,1062,472.58,MXN,2024-01-22,Spain,Online,Pharmacy,Pending
798,1088,343.21,MXN,2024-02-16,UK,In-Store,Grocery,Completed
799,1085,251.1,CAD,2024-02-12,Spain,Online,Electronics,Refunded
800,1058,310.83,EUR,2024-02-24,USA,Online,Restaurant,Pending
801,1026,435.11,EUR,2024-01-03,Mexico,In-Store,Electronics,Declined
802,1048,287.45,MXN,2024-02-04,USA,Online,Pharmacy,Pending
803,1076,20.04,GBP,2024-02-29,Spain,Mobile,Pharmacy,Pending
804,1032,465.82,CAD,2024-02-27,Spain,In-Store,Fashion,Pending
805,1097,346.32,MXN,2024-01-12,USA,In-Store,Fashion,Refunded
806,1098,339.87,MXN,2024-01-24,Canada,In-Store,Fashion,Completed
807,1000,111.76,CAD,2024-01-05,Canada,Mobile,Grocery,Declined
808,1020,331.15,CAD,2024-01-20,Canada,In-Store,Travel,Refunded
809,1054,199.96,EUR,2024-02-08,Spain,Online,Pharmacy,Declined
810,1005,327.36,GBP,2024-02-08,UK,Online,Electronics,Declined
811,1091,57.76,GBP,2024-01-13,Spain,Online,Electronics,Declined
812,1080,330.63,CAD,2024-02-10,UK,In-Store,Electronics,Refunded
813,1068,499.71,USD,2024-02-26,USA,Online,Electronics,Completed
814,1094,28.86,MXN,2024-02-22,Mexico,In-Store,Fashion,Declined
815,1004,488.7,MXN,2024-02-14,UK,Online,Electronics,Completed
816,1002,206.42,CAD,2024-01-12,Canada,Mobile,Travel,Completed
817,1052,436.02,USD,2024-01-13,Spain,Mobile,Fashion,Pending
818,1022,392.28,EUR,2024-02-25,USA,Mobile,Electronics,Refunded
819,1052,285.67,CAD,2024-01-10,Canada,Mobile,Grocery,Refunded
820,1036,370.53,CAD,2024-02-02,USA,In-Store,Restaurant,Pending
821,1073,439.87,MXN,2024-02-26,Mexico,Online,Restaurant,Pending
822,1073,205.05,CAD,2024-02-09,Spain,Mobile,Restaurant,Completed
823,1082,166.88,CAD,2024-02-23,Spain,In-Store,Fashion,Declined
824,1016,335.46,CAD,2024-01-16,Mexico,Mobile,Electronics,Refunded
825,1084,404.88,MXN,2024-02-14,Spain,Mobile,Pharmacy,Declined
826,1077,382.33,EUR,2024-02-04,UK,In-Store,Pharmacy,Declined
827,1072,399.92,EUR,2024-01-03,USA,In-Store,Pharmacy,Pending
828,1000,220.61,CAD,2024-02-25,Canada,Online,Fashion,Declined
829,1050,409.83,MXN,2024-01-05,Mexico,Online,Travel,Completed
830,1044,64.5,EUR,2024-01-26,UK,Mobile,Grocery,Pending
831,1076,274.52,EUR,2024-01-11,Canada,Mobile,Grocery,Declined
832,1003,7.85,EUR,2024-01-07,Canada,Online,Restaurant,Pending
833,1061,165.67,MXN,2024-02-22,Mexico,Online,Restaurant,Completed
834,1064,186.4,MXN,2024-02-25,UK,In-Store,Pharmacy,Completed
835,1031,201.11,CAD,2024-01-10,Canada,Online,Pharmacy,Declined
836,1033,349.26,GBP,2024-02-11,Canada,Online,Restaurant,Pending
837,1091,197.34,EUR,2024-02-21,UK,Mobile,Electronics,Declined
838,1094,227.1,GBP,2024-02-03,Spain,Online,Travel,Declined
839,1071,122.58,MXN,2024-01-03,Canada,Mobile,Travel,Pending
840,1038,189.76,MXN,2024-01-08,USA,Online,Travel,Declined
841,1025,117.5,MXN,2024-01-31,UK,In-Store,Travel,Completed
842,1033,41.23,GBP,2024-01-11,Canada,Online,Restaurant,Pending
843,1053,303.71,MXN,2024-02-14,Mexico,Online,Grocery,Pending
844,1002,335.77,CAD,2024-01-07,USA,Online,Restaurant,Pending
845,1049,311.65,MXN,2024-02-14,Canada,Mobile,Travel,Pending
846,1011,234.43,USD,2024-01-02,USA,In-Store,Restaurant,Declined
847,1064,192.99,GBP,2024-01-06,USA,Online,Travel,Declined
848,1053,432.35,USD,2024-02-10,Spain,Mobile,Fashion,Completed
849,1004,261.95,MXN,2024-02-01,USA,In-Store,Pharmacy,Refunded
850,1093,242.2,CAD,2024-01-20,Spain,Mobile,Grocery,Refunded
851,1093,17.69,EUR,2024-02-26,UK,Mobile,Fashion,Completed
852,1056,173.92,MXN,2024-02-03,Spain,In-Store,Electronics,Refunded
853,1016,193.2,CAD,2024-02-19,Mexico,Online,Restaurant,Completed
854,1046,202.42,GBP,2024-01-16,Canada,Mobile,Electronics,Declined
855,1022,292.19,USD,2024-01-25,UK,Mobile,Restaurant,Pending
856,1078,269.13,USD,2024-01-12,UK,Online,Pharmacy,Pending
857,1084,305.91,USD,2024-01-07,Mexico,Online,Fashion,Declined
858,1013,383.62,GBP,2024-02-08,Spain,In-Store,Pharmacy,Pending
859,1065,407.43,CAD,2024-01-17,Canada,In-Store,Travel,Pending
860,1074,360.47,GBP,2024-02-14,Spain,In-Store,Pharmacy,Refunded
861,1050,477.98,USD,2024-01-11,USA,Online,Pharmacy,Declined
862,1037,14.03,MXN,2024-01-06,Spain,Mobile,Travel,Refunded
863,1063,101.91,EUR,2024-01-23,UK,Mobile,Restaurant,Refunded
864,1097,8.74,GBP,2024-01-27,Canada,In-Store,Travel,Pending
865,1037,325.5,GBP,2024-02-15,Spain,Online,Fashion,Pending
866,1049,449.53,CAD,2024-01-06,Canada,Mobile,Pharmacy,Declined
867,1097,125.52,CAD,2024-02-07,Canada,In-Store,Travel,Pending
868,1081,463.88,GBP,2024-01-02,USA,Mobile,Pharmacy,Pending
869,1029,34.83,USD,2024-01-22,USA,Mobile,Fashion,Declined
870,1078,467.55,EUR,2024-01-20,UK,Online,Electronics,Pending
871,1090,179.05,CAD,2024-01-25,Mexico,Online,Fashion,Refunded
872,1050,55.2,USD,2024-01-15,Canada,Mobile,Grocery,Declined
873,1062,245.51,MXN,2024-02-29,Mexico,In-Store,Grocery,Pending
874,1097,132.1,CAD,2024-02-18,UK,Online,Grocery,Completed
875,1051,146.01,USD,2024-01-29,Canada,Mobile,Pharmacy,Declined
876,1037,157.11,USD,2024-01-08,Canada,Online,Restaurant,Declined
877,1096,402.5,EUR,2024-02-06,Mexico,Online,Restaurant,Completed
878,1087,271.88,EUR,2024-02-18,Spain,Online,Restaurant,Pending
879,1078,159.1,MXN,2024-02-21,USA,Mobile,Pharmacy,Pending
880,1029,307.12,USD,2024-02-02,Spain,In-Store,Fashion,Declined
881,1050,359.49,USD,2024-01-22,Mexico,In-Store,Restaurant,Declined
882,1080,139.95,EUR,2024-02-19,USA,In-Store,Electronics,Pending
883,1004,209.71,CAD,2024-02-16,Spain,Online,Grocery,Pending
884,1028,65.33,CAD,2024-01-05,USA,Mobile,Fashion,Refunded
885,1003,94.67,GBP,2024-02-08,Canada,Online,Grocery,Declined
886,1009,342.15,EUR,2024-01-18,Spain,In-Store,Restaurant,Declined
887,1055,94.81,GBP,2024-02-07,USA,In-Store,Fashion,Completed
888,1016,264.96,EUR,2024-02-23,USA,Mobile,Travel,Refunded
889,1073,355.98,MXN,2024-02-22,USA,Online,Electronics,Pending
890,1016,57.9,USD,2024-02-06,Spain,In-Store,Restaurant,Refunded
891,1083,285.82,MXN,2024-01-30,UK,Mobile,Restaurant,Pending
892,1087,132.0,EUR,2024-02-20,Spain,Online,Electronics,Pending
893,1068,481.65,USD,2024-01-31,Mexico,Online,Electronics,Refunded
894,1033,244.36,CAD,2024-01-10,Spain,In-Store,Travel,Declined
895,1005,403.97,CAD,2024-01-15,USA,In-Store,Restaurant,Pending
896,1052,277.36,GBP,2024-02-11,Canada,Online,Pharmacy,Refunded
897,1065,26.49,EUR,2024-02-28,Spain,Online,Restaurant,Completed
898,1076,318.41,EUR,2024-02-17,Spain,In-Store,Grocery,Refunded
899,1042,475.94,CAD,2024-02-13,USA,Online,Fashion,Completed
900,1074,302.8,MXN,2024-01-18,Canada,In-Store,Fashion,Pending
901,1022,410.5,USD,2024-01-23,Canada,Online,Grocery,Refunded
902,1054,442.68,MXN,2024-02-02,Mexico,In-Store,Fashion,Refunded
903,1079,117.9,MXN,2024-01-16,Spain,Mobile,Electronics,Completed
904,1094,109.96,CAD,2024-02-23,Canada,In-Store,Fashion,Refunded
905,1074,307.44,CAD,2024-02-07,Canada,In-Store,Fashion,Refunded
906,1015,208.46,CAD,2024-02-04,UK,Mobile,Grocery,Pending
907,1007,420.73,GBP,2024-02-03,UK,Online,Travel,Refunded
908,1003,450.51,MXN,2024-01-28,Canada,Mobile,Fashion,Declined
909,1003,179.94,EUR,2024-01-02,Mexico,In-Store,Pharmacy,Completed
910,1055,122.25,USD,2024-01-30,Canada,Online,Fashion,Refunded
911,1024,391.36,GBP,2024-01-13,USA,Mobile,Travel,Completed
912,1066,141.03,EUR,2024-02-10,Spain,Online,Grocery,Completed
913,1095,412.19,MXN,2024-01-16,Mexico,Online,Travel,Completed
914,1066,214.75,CAD,2024-02-28,USA,Mobile,Grocery,Refunded
915,1026,335.44,MXN,2024-01-05,Mexico,Online,Electronics,Refunded
916,1092,52.29,USD,2024-02-24,USA,Mobile,Grocery,Completed
917,1031,313.81,GBP,2024-01-28,Spain,In-Store,Electronics,Declined
918,1049,228.63,GBP,2024-02-22,Spain,Online,Electronics,Completed
919,1060,295.37,USD,2024-02-08,UK,In-Store,Grocery,Declined
920,1050,88.17,EUR,2024-02-14,USA,In-Store,Pharmacy,Completed
921,1018,369.75,EUR,2024-01-20,UK,Online,Restaurant,Pending
922,1020,432.08,GBP,2024-01-24,USA,Mobile,Grocery,Completed
923,1004,112.29,GBP,2024-01-27,UK,Online,Fashion,Completed
924,1081,52.38,CAD,2024-01-30,Spain,In-Store,Pharmacy,Refunded
925,1091,16.7,EUR,2024-02-27,Mexico,In-Store,Pharmacy,Declined
926,1041,322.78,USD,2024-02-14,UK,Mobile,Fashion,Pending
927,1060,305.51,EUR,2024-01-27,USA,Online,Restaurant,Declined
928,1021,275.62,CAD,2024-01-26,USA,In-Store,Pharmacy,Pending
929,1020,119.81,GBP,2024-01-07,Spain,In-Store,Electronics,Completed
930,1069,198.5,GBP,2024-02-11,USA,In-Store,Restaurant,Refunded
931,1000,299.27,CAD,2024-02-16,Canada,Mobile,Fashion,Refunded
932,1004,250.9,USD,2024-02-22,Mexico,In-Store,Restaurant,Declined
933,1011,493.95,GBP,2024-02-28,UK,In-Store,Grocery,Refunded
934,1089,72.54,MXN,2024-02-07,Mexico,Online,Restaurant,Declined
935,1045,349.1,GBP,2024-01-05,Spain,Online,Electronics,Declined
936,1033,205.14,MXN,2024-01-23,UK,In-Store,Grocery,Pending
937,1048,216.96,CAD,2024-01-28,UK,In-Store,Travel,Declined
938,1077,360.21,CAD,2024-02-03,Canada,Online,Fashion,Pending
939,1089,347.76,GBP,2024-02-22,Spain,Mobile,Fashion,Refunded
940,1044,495.67,EUR,2024-01-15,USA,Mobile,Restaurant,Declined
941,1026,68.56,MXN,2024-02-01,Canada,Mobile,Pharmacy,Declined
942,1072,56.53,USD,2024-01-26,Canada,Mobile,Grocery,Completed
943,1025,363.55,GBP,2024-02-17,Mexico,Mobile,Travel,Declined
944,1046,291.3,USD,2024-01-31,Mexico,Mobile,Grocery,Declined
945,1085,140.71,GBP,2024-01-19,Mexico,Mobile,Fashion,Completed
946,1055,44.31,EUR,2024-01-09,Canada,Mobile,Grocery,Completed
947,1093,47.4,EUR,2024-01-29,USA,Online,Travel,Refunded
948,1062,447.62,EUR,2024-02-23,UK,Mobile,Pharmacy,Declined
949,1047,99.97,EUR,2024-02-27,Mexico,Mobile,Restaurant,Refunded
950,1060,165.07,CAD,2024-02-20,USA,Mobile,Electronics,Refunded
951,1080,117.19,CAD,2024-02-08,Spain,In-Store,Grocery,Completed
952,1025,180.72,MXN,2024-01-04,Mexico,Online,Electronics,Pending
953,1035,39.36,USD,2024-01-03,UK,Online,Fashion,Refunded
954,1000,261.93,GBP,2024-02-25,Spain,Online,Restaurant,Pending
955,1007,38.47,GBP,2024-01-29,Spain,Mobile,Restaurant,Declined
956,1098,401.18,CAD,2024-02-21,UK,Mobile,Grocery,Completed
957,1051,120.69,GBP,2024-01-11,Mexico,In-Store,Pharmacy,Declined
958,1078,272.31,CAD,2024-02-02,Canada,Online,Restaurant,Declined
959,1046,440.64,MXN,2024-02-07,UK,Mobile,Grocery,Completed
960,1055,327.18,USD,2024-02-27,UK,Online,Grocery,Declined
961,1085,268.81,MXN,2024-01-11,UK,In-Store,Electronics,Completed
962,1013,165.55,EUR,2024-01-27,Spain,In-Store,Restaurant,Pending
963,1089,169.84,EUR,2024-02-02,USA,In-Store,Grocery,Declined
964,1027,336.4,EUR,2024-01-21,Canada,Online,Electronics,Completed
965,1086,497.1,MXN,2024-02-08,Mexico,Mobile,Travel,Refunded
966,1077,332.61,GBP,2024-01-31,Mexico,Mobile,Electronics,Declined
967,1087,281.1,USD,2024-02-07,USA,In-Store,Electronics,Pending
968,1001,366.67,EUR,2024-02-15,UK,Mobile,Grocery,Completed
969,1025,235.28,EUR,2024-01-02,Canada,In-Store,Fashion,Declined
970,1013,34.77,EUR,2024-01-27,Mexico,Online,Fashion,Declined
971,1058,283.34,USD,2024-02-05,Mexico,In-Store,Pharmacy,Declined
972,1055,479.02,EUR,2024-01-11,UK,Online,Fashion,Pending
973,1006,91.77,USD,2024-02-16,USA,In-Store,Electronics,Completed
974,1002,346.55,EUR,2024-01-18,Canada,Mobile,Pharmacy,Refunded
975,1022,104.46,MXN,2024-02-28,USA,Mobile,Grocery,Refunded
976,1017,270.23,MXN,2024-01-01,USA,In-Store,Restaurant,Refunded
977,1037,52.85,USD,2024-02-04,Canada,Mobile,Electronics,Completed
978,1098,227.93,MXN,2024-02-04,Canada,Mobile,Electronics,Refunded
979,1014,379.3,USD,2024-01-31,Mexico,Mobile,Pharmacy,Pending
980,1063,177.05,MXN,2024-01-28,Mexico,Online,Grocery,Completed
981,1088,334.13,MXN,2024-02-08,Canada,Mobile,Travel,Declined
982,1027,398.75,USD,2024-01-01,Spain,Online,Electronics,Pending
983,1073,463.95,GBP,2024-01-25,Mexico,In-Store,Travel,Declined
984,1038,121.15,MXN,2024-02-12,Spain,Mobile,Travel,Refunded
985,1056,202.66,EUR,2024-02-07,Canada,Mobile,Fashion,Pending
986,1016,80.45,GBP,2024-01-20,Mexico,Mobile,Grocery,Completed
987,1085,496.28,USD,2024-01-03,USA,In-Store,Travel,Pending
988,1089,463.87,GBP,2024-02-20,Canada,Online,Grocery,Declined
989,1043,272.28,CAD,2024-01-02,UK,Online,Fashion,Completed
990,1024,421.81,CAD,2024-01-18,Spain,Mobile,Grocery,Pending
991,1016,262.87,MXN,2024-02-13,Canada,In-Store,Electronics,Pending
992,1012,313.67,MXN,2024-01-10,Canada,In-Store,Travel,Pending
993,1083,49.12,EUR,2024-01-05,Mexico,In-Store,Grocery,Pending
994,1024,378.86,GBP,2024-01-09,Mexico,In-Store,Restaurant,Completed
995,1067,68.22,CAD,2024-01-02,Mexico,In-Store,Grocery,Declined
996,1009,413.9,MXN,2024-02-03,UK,Online,Travel,Pending
997,1066,392.1,GBP,2024-02-29,Mexico,Online,Fashion,Completed
998,1017,355.83,MXN,2024-02-07,Canada,Online,Fashion,Declined
999,1099,22.9,MXN,2024-01-31,Mexico,Mobile,Travel,Pending
1000,1085,155.05,CAD,2024-01-10,USA,In-Store,Electronics,Declined
